course_id,instractor_name,instractor_id,instractor_order,instractor_rating,instractor_reviews,instractor_students,instractor_courses_count
834702,Luke Priddy,alto-ray,1,4.6,"26,416","108,507",13
1839826,Mohammad Azam,mohammad-azam-2,1,4.5,"9,226","60,098",37
4302759,Bluelime Learning Solutions,javascript-academy,1,4.1,"29,027","693,808",314
2323470,Alex Genadinik,alexgenadinik,1,4.4,"37,960","522,550",128
2368456,Bluelime Learning Solutions,javascript-academy,1,4.1,"29,027","693,808",314
2866626,365 Careers,365careers,1,4.6,"488,011","1,669,703",77
922278,365 Careers,365careers,1,4.6,"488,011","1,669,703",77
3105324,Bluelime Learning Solutions,javascript-academy,1,4.1,"29,027","693,808",314
4344302,Bluelime Learning Solutions,javascript-academy,1,4.1,"29,027","693,808",314
3901412,Bluelime Learning Solutions,javascript-academy,1,4.1,"29,027","693,808",314
2096842,Bluelime Learning Solutions,javascript-academy,1,4.1,"29,027","693,808",314
3236235,Rahul Shetty,rahul445,1,4.6,"178,287","443,042",24
2988218,Bluelime Learning Solutions,javascript-academy,1,4.1,"29,027","693,808",314
699088,Bluelime Learning Solutions,javascript-academy,1,4.1,"29,027","693,808",314
3681272,Bluelime Learning Solutions,javascript-academy,1,4.1,"29,027","693,808",314
4384154,Bluelime Learning Solutions,javascript-academy,1,4.1,"29,027","693,808",314
3350306,Bluelime Learning Solutions,javascript-academy,1,4.1,"29,027","693,843",314
3251302,365 Careers,365careers,1,4.6,"488,011","1,670,274",77
2430380,Ehab Mesallum,ehab-mesallum,1,4.7,"6,995","52,717",21
608250,Mike West,mikewest2,1,4.3,"18,116","223,744",52
2643064,365 Careers,365careers,1,4.6,"488,011","1,669,703",77
2643064,365 Iliya,iliya-valchanov,2,4.6,"488,011","1,669,703",77
4051480,Bluelime Learning Solutions,javascript-academy,1,4.1,"29,027","693,808",314
688874,Bluelime Learning Solutions,javascript-academy,1,4.1,"29,027","693,808",314
4376116,Bluelime Learning Solutions,javascript-academy,1,4.1,"29,027","693,808",314
4004736,Bluelime Learning Solutions,javascript-academy,1,4.1,"29,027","693,843",314
1978132,365 Careers,365careers,1,4.6,"488,011","1,669,703",77
854440,Luke Priddy,alto-ray,1,4.6,"26,416","108,507",13
3355136,Bluelime Learning Solutions,javascript-academy,1,4.1,"29,027","693,843",314
3559717,Bluelime Learning Solutions,javascript-academy,1,4.1,"29,027","693,808",314
3664734,Mohammad Azam,mohammad-azam-2,1,4.5,"9,226","60,098",37
2451668,Bluelime Learning Solutions,javascript-academy,1,4.1,"29,027","693,808",314
4144800,Enterprise DNA,sam-mckay-14,1,4.5,811,"31,781",6
4144800,Sam McKay,sam-mckay-5,2,4.5,811,"31,781",6
4144800,Antriksh Sharma,antriksh-sharma-14,3,4.5,811,"31,781",6
4131750,Bluelime Learning Solutions,javascript-academy,1,4.1,"29,027","693,808",314
1166500,Bluelime Learning Solutions,javascript-academy,1,4.1,"29,027","693,808",314
3683208,Bluelime Learning Solutions,javascript-academy,1,4.1,"29,027","693,808",314
2096014,Mohammad Azam,mohammad-azam-2,1,4.5,"9,226","60,098",37
567828,Jose Portilla,joseportilla,1,4.6,"824,171","2,597,189",41
653932,Bluelime Learning Solutions,javascript-academy,1,4.1,"29,027","693,808",314
1630412,365 Careers,365careers,1,4.6,"488,011","1,669,703",77
1627506,Bluelime Learning Solutions,javascript-academy,1,4.1,"29,027","693,808",314
1300942,Bluelime Learning Solutions,javascript-academy,1,4.1,"29,027","693,808",314
2547143,Bluelime Learning Solutions,javascript-academy,1,4.1,"29,027","693,843",314
1586650,Bluelime Learning Solutions,javascript-academy,1,4.1,"29,027","693,808",314
602640,Dries Couckuyt,driescouckuyt,1,3.4,332,"7,824",1
1744980,Bluelime Learning Solutions,javascript-academy,1,4.1,"29,027","693,808",314
1035472,365 Careers,365careers,1,4.6,"488,011","1,669,703",77
2356864,Bluelime Learning Solutions,javascript-academy,1,4.1,"29,027","693,843",314
2626524,365 Careers,365careers,1,4.6,"488,011","1,669,703",77
2626524,"Ivan Kitov, CFA",ivan-angelov-kitov,2,4.6,"488,011","1,669,703",77
3681234,365 Careers,365careers,1,4.6,"488,011","1,669,703",77
3681234,大橋 亮太,da-qiao-liang-tai,2,4.6,"488,011","1,669,703",77
1749824,Bluelime Learning Solutions,javascript-academy,1,4.1,"29,027","693,808",314
2762776,Ehab Mesallum,ehab-mesallum,1,4.7,"6,995","52,717",21
358062,365 Careers,365careers,1,4.6,"488,011","1,669,703",77
2643066,365 Careers,365careers,1,4.6,"488,011","1,669,703",77
2643066,365 Iliya,iliya-valchanov,2,4.6,"488,011","1,669,703",77
2643066,Ramon Tanoeiro de Oliveira Souza,ramon-tanoeiro-de-oliveira-souza,3,4.6,"488,011","1,669,703",77
1988838,Bluelime Learning Solutions,javascript-academy,1,4.1,"29,027","693,808",314
4314702,365 Careers,365careers,1,4.6,"488,011","1,669,703",77
4314702,大橋 亮太,da-qiao-liang-tai,2,4.6,"488,011","1,669,703",77
3627350,Nikolai Schuler,nikolai-schuler,1,4.6,"5,825","31,384",11
4227994,Bluelime Learning Solutions,javascript-academy,1,4.1,"29,027","693,843",314
4380474,Bluelime Learning Solutions,javascript-academy,1,4.1,"29,027","693,808",314
1346056,Bluelime Learning Solutions,javascript-academy,1,4.1,"29,027","693,808",314
2452606,365 Careers,365careers,1,4.6,"488,011","1,669,703",77
2452606,Edu Fancy,edufancy,2,4.6,"488,011","1,669,703",77
1947008,Bluelime Learning Solutions,javascript-academy,1,4.1,"29,027","693,808",314
1910506,365 Careers,365careers,1,4.6,"488,011","1,669,703",77
2774328,Ehab Mesallum,ehab-mesallum,1,4.7,"6,995","52,717",21
2812245,365 Careers,365careers,1,4.6,"488,011","1,669,703",77
2771642,Bluelime Learning Solutions,javascript-academy,1,4.1,"29,027","693,843",314
3663356,Durga Viswanatha Raju Gadiraju,it-versity,1,4.4,"8,685","219,178",15
3663356,Hindu Varma Datla,hindu-17,2,4.4,"8,685","219,178",15
1824130,Lindsay Marsh,lindsay-marsh,1,4.7,"59,330","223,209",17
321410,365 Careers,365careers,1,4.6,"488,011","1,669,703",77
1135320,Bluelime Learning Solutions,javascript-academy,1,4.1,"29,027","693,808",314
3543948,Lindsay Marsh,lindsay-marsh,1,4.7,"59,330","223,209",17
3680900,Bluelime Learning Solutions,javascript-academy,1,4.1,"29,027","693,808",314
1644554,Bluelime Learning Solutions,javascript-academy,1,4.1,"29,027","693,808",314
4369942,Bluelime Learning Solutions,javascript-academy,1,4.1,"29,027","693,808",314
1211960,Bluelime Learning Solutions,javascript-academy,1,4.1,"29,027","693,808",314
691760,Bluelime Learning Solutions,javascript-academy,1,4.1,"29,027","693,808",314
4176740,Mohammad Azam,mohammad-azam-2,1,4.5,"9,226","60,098",37
4239654,Bluelime Learning Solutions,javascript-academy,1,4.1,"29,027","693,843",314
1458240,Bluelime Learning Solutions,javascript-academy,1,4.1,"29,027","693,808",314
803644,Bluelime Learning Solutions,javascript-academy,1,4.1,"29,027","693,808",314
2244422,Bluelime Learning Solutions,javascript-academy,1,4.1,"29,027","693,808",314
2367514,365 Careers,365careers,1,4.6,"488,011","1,669,703",77
2367514,365 Iliya,iliya-valchanov,2,4.6,"488,011","1,669,703",77
2643050,365 Careers,365careers,1,4.6,"488,011","1,669,703",77
2643050,365 Iliya,iliya-valchanov,2,4.6,"488,011","1,669,703",77
978016,Bluelime Learning Solutions,javascript-academy,1,4.1,"29,027","693,843",314
3803412,Bluelime Learning Solutions,javascript-academy,1,4.1,"29,027","693,808",314
1067762,Bluelime Learning Solutions,javascript-academy,1,4.1,"29,027","693,808",314
1035000,Bret Fisher,bretfisher,1,4.6,"57,128","265,355",4
1035000,Docker Captain Program,docker-captain,2,4.6,"57,128","265,355",4
4377962,Bluelime Learning Solutions,javascript-academy,1,4.1,"29,027","693,808",314
985922,Tim Vipond,tim-vipond,1,4.5,"16,270","111,786",3
2454142,Bluelime Learning Solutions,javascript-academy,1,4.1,"29,027","693,808",314
3509758,Bluelime Learning Solutions,javascript-academy,1,4.1,"29,027","693,808",314
528440,365 Careers,365careers,1,4.6,"488,011","1,670,274",77
4299789,Enterprise DNA,sam-mckay-14,1,4.5,811,"31,781",6
4299789,Sam McKay,sam-mckay-5,2,4.5,811,"31,781",6
4299789,Antriksh Sharma,antriksh-sharma-14,3,4.5,811,"31,781",6
4010904,Nick Walter,nicholaswalter2,1,4.6,"51,281","251,124",40
4010904,Mohammad Azam,mohammad-azam-2,2,4.6,"51,281","251,124",40
969148,365 Careers,365careers,1,4.6,"488,011","1,669,703",77
3237815,Ehab Mesallum,ehab-mesallum,1,4.7,"6,995","52,717",21
1720450,Bluelime Learning Solutions,javascript-academy,1,4.1,"29,027","693,808",314
653928,Bluelime Learning Solutions,javascript-academy,1,4.1,"29,027","693,843",314
395700,365 Careers,365careers,1,4.6,"488,011","1,669,703",77
2983542,Bluelime Learning Solutions,javascript-academy,1,4.1,"29,027","693,808",314
3445440,Mohammad Azam,mohammad-azam-2,1,4.5,"9,226","60,098",37
2623620,Bluelime Learning Solutions,javascript-academy,1,4.1,"29,027","693,808",314
2474716,365 Careers,365careers,1,4.6,"488,011","1,669,703",77
2643056,365 Careers,365careers,1,4.6,"488,011","1,669,703",77
2643056,365 Iliya,iliya-valchanov,2,4.6,"488,011","1,669,703",77
4048256,Bluelime Learning Solutions,javascript-academy,1,4.1,"29,027","693,843",314
3870162,365 Careers,365careers,1,4.6,"488,011","1,669,703",77
3870162,Bernard Marr,bernard-marr,2,4.6,"488,011","1,669,703",77
3832968,"Imran Afzal (300,000+ students)",imran-afzal-5,1,4.6,"27,081","320,140",18
3832968,Abbas Mehmood,abbas-mehmood-2,2,4.6,"27,081","320,140",18
4384166,Bluelime Learning Solutions,javascript-academy,1,4.1,"29,027","693,843",314
994076,Amarnath Reddy,amarnathrpanyam,1,4.5,"19,381","84,060",9
1557316,Bluelime Learning Solutions,javascript-academy,1,4.1,"29,027","693,808",314
4044548,Bluelime Learning Solutions,javascript-academy,1,4.1,"29,027","693,808",314
670310,Bluelime Learning Solutions,javascript-academy,1,4.1,"29,027","693,808",314
2287691,Mohammad Azam,mohammad-azam-2,1,4.5,"9,226","60,098",37
4378024,Bluelime Learning Solutions,javascript-academy,1,4.1,"29,027","693,808",314
1584250,Bluelime Learning Solutions,javascript-academy,1,4.1,"29,027","693,808",314
3284452,Ehab Mesallum,ehab-mesallum,1,4.7,"6,995","52,717",21
1166548,Bluelime Learning Solutions,javascript-academy,1,4.1,"29,027","693,808",314
2241582,Bluelime Learning Solutions,javascript-academy,1,4.1,"29,027","693,808",314
4270558,Enterprise DNA,sam-mckay-14,1,4.5,811,"31,781",6
4270558,Antriksh Sharma,antriksh-sharma-14,2,4.5,811,"31,781",6
2694842,Ehab Mesallum,ehab-mesallum,1,4.7,"6,995","52,717",21
4211304,Bluelime Learning Solutions,javascript-academy,1,4.1,"29,027","693,808",314
1860694,Bluelime Learning Solutions,javascript-academy,1,4.1,"29,027","693,808",314
659464,365 Careers,365careers,1,4.6,"488,011","1,669,703",77
640062,365 Careers,365careers,1,4.6,"488,011","1,669,703",77
749542,Derrick Mitchell,derrickmitchell3,1,4.5,"17,570","149,562",11
1282950,Bluelime Learning Solutions,javascript-academy,1,4.1,"29,027","693,808",314
4098152,Bluelime Learning Solutions,javascript-academy,1,4.1,"29,027","693,843",314
3067468,Bluelime Learning Solutions,javascript-academy,1,4.1,"29,027","693,808",314
1007760,Bluelime Learning Solutions,javascript-academy,1,4.1,"29,027","693,808",314
1166614,Bluelime Learning Solutions,javascript-academy,1,4.1,"29,027","693,808",314
1976404,Bluelime Learning Solutions,javascript-academy,1,4.1,"29,027","693,808",314
4255608,Bluelime Learning Solutions,javascript-academy,1,4.1,"29,027","693,808",314
688872,Bluelime Learning Solutions,javascript-academy,1,4.1,"29,027","693,808",314
1362598,Bluelime Learning Solutions,javascript-academy,1,4.1,"29,027","693,808",314
612904,Jacqueline Seidel,jacquelineseidel,1,4.5,"16,666","79,156",13
3411278,Bluelime Learning Solutions,javascript-academy,1,4.1,"29,027","693,808",314
2106150,Bluelime Learning Solutions,javascript-academy,1,4.1,"29,027","693,808",314
1461614,365 Careers,365careers,1,4.6,"488,011","1,670,274",77
2327156,Mohsen Hassan,mohsen-hassan-2,1,4.6,"84,495","245,751",11
2327156,bloom team,mtg-team,2,4.6,"84,495","245,751",11
4400534,Bluelime Learning Solutions,javascript-academy,1,4.1,"29,027","693,808",314
1178380,Bluelime Learning Solutions,javascript-academy,1,4.1,"29,027","693,808",314
2382211,Bluelime Learning Solutions,javascript-academy,1,4.1,"29,027","693,843",314
1608308,Bluelime Learning Solutions,javascript-academy,1,4.1,"29,027","693,808",314
1147992,Bluelime Learning Solutions,javascript-academy,1,4.1,"29,027","693,808",314
1117836,Bluelime Learning Solutions,javascript-academy,1,4.1,"29,027","693,808",314
641732,Bluelime Learning Solutions,javascript-academy,1,4.1,"29,027","693,808",314
1333914,365 Careers,365careers,1,4.6,"488,011","1,669,703",77
1643044,Lindsay Marsh,lindsay-marsh,1,4.7,"59,330","223,209",17
3895330,Bluelime Learning Solutions,javascript-academy,1,4.1,"29,027","693,808",314
1344262,Bluelime Learning Solutions,javascript-academy,1,4.1,"29,027","693,808",314
4112530,Bluelime Learning Solutions,javascript-academy,1,4.1,"29,027","693,808",314
2341082,Durga Viswanatha Raju Gadiraju,it-versity,1,4.4,"8,685","219,178",15
2341082,Itversity Support,itversity-support,2,4.4,"8,685","219,178",15
3313416,Bluelime Learning Solutions,javascript-academy,1,4.1,"29,027","693,808",314
4095826,Bluelime Learning Solutions,javascript-academy,1,4.1,"29,027","693,808",314
1053272,Ashish Agarwal,instructorskillfinlearning,1,4.4,"9,753","51,883",15
1032200,Bluelime Learning Solutions,javascript-academy,1,4.1,"29,027","693,808",314
1268150,Bluelime Learning Solutions,javascript-academy,1,4.1,"29,027","693,808",314
1300254,365 Careers,365careers,1,4.6,"488,011","1,669,703",77
1924002,Bluelime Learning Solutions,javascript-academy,1,4.1,"29,027","693,808",314
903744,Jose Portilla,joseportilla,1,4.6,"824,171","2,597,933",41
4338814,Bluelime Learning Solutions,javascript-academy,1,4.1,"29,027","693,808",314
2465432,Bluelime Learning Solutions,javascript-academy,1,4.1,"29,027","693,808",314
2749280,Lindsay Marsh,lindsay-marsh,1,4.7,"59,330","223,209",17
1754098,365 Careers,365careers,1,4.6,"488,011","1,669,703",77
1754098,365 Careers Team,365-careers-team,2,4.6,"488,011","1,669,703",77
3501982,365 Careers,365careers,1,4.6,"488,011","1,669,703",77
2475066,Bluelime Learning Solutions,javascript-academy,1,4.1,"29,027","693,808",314
4174850,Bluelime Learning Solutions,javascript-academy,1,4.1,"29,027","693,808",314
3450984,Ehab Mesallum,ehab-mesallum,1,4.7,"6,995","52,717",21
786082,Bluelime Learning Solutions,javascript-academy,1,4.1,"29,027","693,808",314
4242194,Durga Viswanatha Raju Gadiraju,it-versity,1,4.4,"8,685","219,178",15
1749818,Bluelime Learning Solutions,javascript-academy,1,4.1,"29,027","693,808",314
1854586,Bluelime Learning Solutions,javascript-academy,1,4.1,"29,027","693,808",314
1269662,Bluelime Learning Solutions,javascript-academy,1,4.1,"29,027","693,808",314
3468790,Bluelime Learning Solutions,javascript-academy,1,4.1,"29,027","693,808",314
1349492,Bluelime Learning Solutions,javascript-academy,1,4.1,"29,027","693,808",314
753174,"Oracle Master Training • 100,000+ Students Worldwide",mer-daaan,1,4.6,"27,548","120,871",7
753174,Code Star Academy,omer-faruk-ince,2,4.6,"27,548","120,871",7
3225763,Bluelime Learning Solutions,javascript-academy,1,4.1,"29,027","693,808",314
2171124,Durga Viswanatha Raju Gadiraju,it-versity,1,4.4,"8,685","219,178",15
2171124,Ritesh varma,ritesh-varma-4,2,4.4,"8,685","219,178",15
2171124,Itversity Support,itversity-support,3,4.4,"8,685","219,178",15
1713612,Bluelime Learning Solutions,javascript-academy,1,4.1,"29,027","693,808",314
3421618,Bluelime Learning Solutions,javascript-academy,1,4.1,"29,027","693,808",314
4173948,Bluelime Learning Solutions,javascript-academy,1,4.1,"29,027","693,808",314
4261510,Bluelime Learning Solutions,javascript-academy,1,4.1,"29,027","693,808",314
1884490,Mohsen Hassan,mohsen-hassan-2,1,4.6,"84,495","245,647",11
1884490,bloom team,mtg-team,2,4.6,"84,495","245,647",11
1440224,Bluelime Learning Solutions,javascript-academy,1,4.1,"29,027","693,808",314
3918536,Bluelime Learning Solutions,javascript-academy,1,4.1,"29,027","693,808",314
1459334,365 Careers,365careers,1,4.6,"488,011","1,669,703",77
2397326,Mohammad Azam,mohammad-azam-2,1,4.5,"9,226","60,098",37
3075882,Ehab Mesallum,ehab-mesallum,1,4.7,"6,995","52,717",21
1558718,Bluelime Learning Solutions,javascript-academy,1,4.1,"29,027","693,808",314
1437938,Mohammad Azam,mohammad-azam-2,1,4.5,"9,226","60,098",37
3848374,Durga Viswanatha Raju Gadiraju,it-versity,1,4.4,"8,685","219,178",15
713596,Bluelime Learning Solutions,javascript-academy,1,4.1,"29,027","693,808",314
2786310,Mohammad Azam,mohammad-azam-2,1,4.5,"9,226","60,098",37
1192500,Mohammad Azam,mohammad-azam-2,1,4.5,"9,226","60,098",37
3504624,Bluelime Learning Solutions,javascript-academy,1,4.1,"29,027","693,843",314
1630536,Bluelime Learning Solutions,javascript-academy,1,4.1,"29,027","693,808",314
4231428,365 Careers,365careers,1,4.6,"488,011","1,669,703",77
1444992,Durga Viswanatha Raju Gadiraju,it-versity,1,4.4,"8,685","219,217",15
1444992,Itversity Support,itversity-support,2,4.4,"8,685","219,217",15
4132170,Bluelime Learning Solutions,javascript-academy,1,4.1,"29,027","693,808",314
3399338,Travis Cuzick,travis-lee-cuzick,1,4.7,"1,318","80,420",4
3663114,Dr. Moustafa Saad Ibrahim,mostafasaadibrahim,1,4.8,"2,326","54,571",6
1281336,Bluelime Learning Solutions,javascript-academy,1,4.1,"29,027","693,808",314
4174318,Bluelime Learning Solutions,javascript-academy,1,4.1,"29,027","693,808",314
1288238,Bluelime Learning Solutions,javascript-academy,1,4.1,"29,027","693,808",314
4369884,Bluelime Learning Solutions,javascript-academy,1,4.1,"29,027","693,808",314
2358302,Bluelime Learning Solutions,javascript-academy,1,4.1,"29,027","693,808",314
2382335,Bluelime Learning Solutions,javascript-academy,1,4.1,"29,027","693,843",314
3574179,Ehab Mesallum,ehab-mesallum,1,4.7,"6,995","52,718",21
2500544,Mohsen Hassan,mohsen-hassan-2,1,4.6,"84,495","245,647",11
2500544,bloom team,mtg-team,2,4.6,"84,495","245,647",11
1568678,Bluelime Learning Solutions,javascript-academy,1,4.1,"29,027","693,808",314
3069348,Bluelime Learning Solutions,javascript-academy,1,4.1,"29,027","693,808",314
2427742,Bluelime Learning Solutions,javascript-academy,1,4.1,"29,027","693,843",314
4376186,Bluelime Learning Solutions,javascript-academy,1,4.1,"29,027","693,808",314
3536520,Elton Stoneman,elton-stoneman,1,4.7,138,"1,214",1
3148846,365 Careers,365careers,1,4.6,"488,011","1,670,274",77
1227924,Bluelime Learning Solutions,javascript-academy,1,4.1,"29,027","693,843",314
1014340,Siva Prasad,sivaprasad3,1,4.5,"29,296","114,741",10
4194204,Enterprise DNA,sam-mckay-14,1,4.5,811,"31,781",6
4194204,Sam McKay,sam-mckay-5,2,4.5,811,"31,781",6
4194204,Antriksh Sharma,antriksh-sharma-14,3,4.5,811,"31,781",6
4383892,Bluelime Learning Solutions,javascript-academy,1,4.1,"29,027","693,843",314
4310724,Academind by Maximilian Schwarzmüller,academind,1,4.7,"408,388","1,700,660",32
4310724,Maximilian Schwarzmüller,maximilian-schwarzmuller,2,4.7,"408,388","1,700,660",32
4310724,Manuel Lorenz,manuel-lorenz,3,4.7,"408,388","1,700,660",32
3146896,Mohammad Azam,mohammad-azam-2,1,4.5,"9,226","60,098",37
4205102,365 Careers,365careers,1,4.6,"488,011","1,669,703",77
4205102,Olivier Maugain,olivier-maugain-2,2,4.6,"488,011","1,669,703",77
3528618,Bluelime Learning Solutions,javascript-academy,1,4.1,"29,027","693,808",314
4256968,MG Analytics,mg-analytics,1,4.6,243,"2,595",3
4379864,Bluelime Learning Solutions,javascript-academy,1,4.1,"29,027","693,808",314
4347480,Bluelime Learning Solutions,javascript-academy,1,4.1,"29,027","693,808",314
2223798,Ali Muhammad Ali,alimohammadali,1,4.8,"3,674","7,185",1
653948,Bluelime Learning Solutions,javascript-academy,1,4.1,"29,027","693,808",314
1141368,Kain Ramsay,kainramsay,1,4.6,"140,046","565,989",31
1141368,The Academy of Modern Applied Psychology,achology-ltd,2,4.6,"140,046","565,989",31
3693854,Mohammad Azam,mohammad-azam-2,1,4.5,"9,226","60,098",37
4119474,Bluelime Learning Solutions,javascript-academy,1,4.1,"29,027","693,843",314
2571282,Bluelime Learning Solutions,javascript-academy,1,4.1,"29,027","693,843",314
3153178,Bluelime Learning Solutions,javascript-academy,1,4.1,"29,027","693,808",314
1124296,Bluelime Learning Solutions,javascript-academy,1,4.1,"29,027","693,808",314
2618702,Ehab Mesallum,ehab-mesallum,1,4.7,"6,995","52,718",21
2173984,Bluelime Learning Solutions,javascript-academy,1,4.1,"29,027","693,808",314
4349074,Enterprise DNA,sam-mckay-14,1,4.5,811,"31,781",6
4349074,Gaelim Holland,gmh1977,2,4.5,811,"31,781",6
4131698,Bluelime Learning Solutions,javascript-academy,1,4.1,"29,027","693,808",314
3531844,Bluelime Learning Solutions,javascript-academy,1,4.1,"29,027","693,808",314
3287364,Bluelime Learning Solutions,javascript-academy,1,4.1,"29,027","693,808",314
994754,365 Careers,365careers,1,4.6,"488,011","1,669,703",77
1269254,365 Careers,365careers,1,4.6,"488,011","1,669,703",77
1324724,Bluelime Learning Solutions,javascript-academy,1,4.1,"29,027","693,808",314
3582872,Mohsen Hassan,mohsen-hassan-2,1,4.6,"84,495","245,751",11
3582872,bloom team,mtg-team,2,4.6,"84,495","245,751",11
1593746,Durga Viswanatha Raju Gadiraju,it-versity,1,4.4,"8,685","219,178",15
1593746,Itversity Support,itversity-support,2,4.4,"8,685","219,178",15
1513876,Bluelime Learning Solutions,javascript-academy,1,4.1,"29,027","693,808",314
1135326,Bluelime Learning Solutions,javascript-academy,1,4.1,"29,027","693,808",314
1168156,Bluelime Learning Solutions,javascript-academy,1,4.1,"29,027","693,808",314
1562640,365 Careers,365careers,1,4.6,"488,011","1,669,703",77
1562640,365 Simona (The 365 Team),simona-dobreva-2,2,4.6,"488,011","1,669,703",77
1298780,365 Careers,365careers,1,4.6,"488,011","1,670,274",77
1298780,365 Careers Team,365-careers-team,2,4.6,"488,011","1,670,274",77
3353014,365 Careers,365careers,1,4.6,"488,011","1,669,703",77
3353014,大橋 亮太,da-qiao-liang-tai,2,4.6,"488,011","1,669,703",77
1349720,Bluelime Learning Solutions,javascript-academy,1,4.1,"29,027","693,808",314
1538964,Krista King,kristaking,1,4.8,"43,109","166,739",9
641728,Bluelime Learning Solutions,javascript-academy,1,4.1,"29,027","693,808",314
1017208,Bluelime Learning Solutions,javascript-academy,1,4.1,"29,027","693,808",314
857208,Bluelime Learning Solutions,javascript-academy,1,4.1,"29,027","693,808",314
4381568,Bluelime Learning Solutions,javascript-academy,1,4.1,"29,027","693,808",314
4040970,Mohammad Azam,mohammad-azam-2,1,4.5,"9,226","60,098",37
1638634,Mohammad Azam,mohammad-azam-2,1,4.5,"9,226","60,098",37
1178016,Anthony Kelleher,anthony845,1,4.7,"50,772","454,329",9
3730630,Alan Ayoubi,alan-ayoubi-2,1,4.5,"4,322","135,909",5
653954,Bluelime Learning Solutions,javascript-academy,1,4.1,"29,027","693,808",314
2315602,Bluelime Learning Solutions,javascript-academy,1,4.1,"29,027","693,843",314
743568,Financial Courses,gennarocuofano,1,4.4,"2,481","31,413",4
591930,Jonathan Levi,jonathanalevi,1,4.5,"50,658","304,596",18
591930,Lev Goldentouch,levgold,2,4.5,"50,658","304,596",18
591930,Anna Goldentouch,annagoldentouch,3,4.5,"50,658","304,596",18
591930,SuperHuman Academy®,superhuman-academy,4,4.5,"50,658","304,596",18
110240,Hassan Osman,hassanosman,1,4.5,"66,836","181,242",7
533682,Tim Buchalka,timbuchalka,1,4.5,"278,153","1,069,609",12
533682,Tim Buchalka's Learn Programming Academy,learn-programming-academy,2,4.5,"278,153","1,069,609",12
2128424,Hassan Osman,hassanosman,1,4.5,"66,836","181,242",7
3050372,Bluelime Learning Solutions,javascript-academy,1,4.1,"29,027","693,808",314
2778484,Ehab Mesallum,ehab-mesallum,1,4.7,"6,995","52,717",21
624578,Bluelime Learning Solutions,javascript-academy,1,4.1,"29,027","693,808",314
4040130,Mohammad Azam,mohammad-azam-2,1,4.5,"9,226","60,098",37
4259018,Bluelime Learning Solutions,javascript-academy,1,4.1,"29,027","693,808",314
1032198,Bluelime Learning Solutions,javascript-academy,1,4.1,"29,027","693,808",314
1806656,Bluelime Learning Solutions,javascript-academy,1,4.1,"29,027","693,808",314
653920,Bluelime Learning Solutions,javascript-academy,1,4.1,"29,027","693,808",314
4172788,Bluelime Learning Solutions,javascript-academy,1,4.1,"29,027","693,843",314
33002,Siva Prasad,sivaprasad3,1,4.5,"29,296","114,741",10
1100380,Bluelime Learning Solutions,javascript-academy,1,4.1,"29,027","693,843",314
1479340,Mohammad Azam,mohammad-azam-2,1,4.5,"9,226","60,098",37
2327016,Mohsen Hassan,mohsen-hassan-2,1,4.6,"84,495","245,647",11
2327016,Ilyass Tabiai,ilyass-tabiai-3,2,4.6,"84,495","245,647",11
2327016,bloom team,mtg-team,3,4.6,"84,495","245,647",11
2377334,Bluelime Learning Solutions,javascript-academy,1,4.1,"29,027","693,808",314
1259094,Mohammad Azam,mohammad-azam-2,1,4.5,"9,226","60,098",37
4209330,Bluelime Learning Solutions,javascript-academy,1,4.1,"29,027","693,808",314
3828844,Durga Viswanatha Raju Gadiraju,it-versity,1,4.4,"8,685","219,178",15
1587644,Mohsen Hassan,mohsen-hassan-2,1,4.6,"84,495","245,647",11
1587644,bloom team,mtg-team,2,4.6,"84,495","245,647",11
2193352,Hassan Osman,hassanosman,1,4.5,"66,836","181,343",7
1888354,Mohammad Azam,mohammad-azam-2,1,4.5,"9,226","60,098",37
714724,Tao W.,tao-wei,1,4.4,"20,463","218,680",12
714724,Level Up,miao-wang-2,2,4.4,"20,463","218,680",12
714724,James Lee,85e4b69e-fd05-4bf3-b767-bff3f93a472c,3,4.4,"20,463","218,680",12
909542,Anthony Kelleher,anthony845,1,4.7,"50,772","454,203",9
1336872,Kain Ramsay,kainramsay,1,4.6,"140,046","566,079",31
1336872,The Academy of Modern Applied Psychology,achology-ltd,2,4.6,"140,046","566,079",31
3997866,Bluelime Learning Solutions,javascript-academy,1,4.1,"29,027","693,808",314
3279738,Rahul Tiwari,364c6058-f3b4-4471-ae90-5534b884d3cc,1,4.4,356,"2,449",10
996192,Bluelime Learning Solutions,javascript-academy,1,4.1,"29,027","693,808",314
1032194,Bluelime Learning Solutions,javascript-academy,1,4.1,"29,027","693,808",314
885892,Ehab Mesallum,ehab-mesallum,1,4.7,"6,995","52,717",21
1135320,Bluelime Learning Solutions,javascript-academy,1,4.1,"29,027","693,808",314
2518396,Lindsay Marsh,lindsay-marsh,1,4.7,"59,330","223,209",17
1159586,Bluelime Learning Solutions,javascript-academy,1,4.1,"29,027","693,843",314
1007762,Bluelime Learning Solutions,javascript-academy,1,4.1,"29,027","693,808",314
2970308,Yi Zhuan Foong,foong-yi-zhuan,1,4.9,23,327,1
1175200,Kirill Eremenko,kirilleremenko,1,4.6,"535,364","1,969,963",53
1175200,Ligency I Team,superdatascience-team,2,4.6,"535,364","1,969,963",53
1309766,Bluelime Learning Solutions,javascript-academy,1,4.1,"29,027","693,808",314
3970112,Bluelime Learning Solutions,javascript-academy,1,4.1,"29,027","693,808",314
3350536,Stephen Grider,sgslo,1,4.7,"336,240","935,271",30
3968660,Bluelime Learning Solutions,javascript-academy,1,4.1,"29,027","693,808",314
3977216,Mohammad Azam,mohammad-azam-2,1,4.5,"9,226","60,098",37
1908308,Bluelime Learning Solutions,javascript-academy,1,4.1,"29,027","693,843",314
3244262,Bluelime Learning Solutions,javascript-academy,1,4.1,"29,027","693,808",314
3340850,365 Careers,365careers,1,4.6,"488,011","1,669,703",77
1432454,Anonymized User,,1,4.3,"13,078","36,005",2
1432454,Nikki Woodford,nikki-woodford,2,4.3,"13,078","36,005",2
975060,Bluelime Learning Solutions,javascript-academy,1,4.1,"29,027","693,808",314
1567888,Bluelime Learning Solutions,javascript-academy,1,4.1,"29,027","693,808",314
1673166,Jose Portilla,joseportilla,1,4.6,"824,171","2,597,189",41
1231182,Symon He,wcieducation,1,4.5,"29,103","245,821",12
4380032,Bluelime Learning Solutions,javascript-academy,1,4.1,"29,027","693,808",314
1111068,Siva Prasad,sivaprasad3,1,4.5,"29,296","114,741",10
1556346,Hassan Osman,hassanosman,1,4.5,"66,836","181,242",7
3666718,Jeff James,jeffjames7,1,4.4,137,"1,076",1
4182434,Bluelime Learning Solutions,javascript-academy,1,4.1,"29,027","693,808",314
2567312,365 Careers,365careers,1,4.6,"488,011","1,669,703",77
1907934,Bluelime Learning Solutions,javascript-academy,1,4.1,"29,027","693,808",314
3848374,Durga Viswanatha Raju Gadiraju,it-versity,1,4.4,"8,685","219,178",15
1434726,Bluelime Learning Solutions,javascript-academy,1,4.1,"29,027","693,808",314
1644068,Bluelime Learning Solutions,javascript-academy,1,4.1,"29,027","693,843",314
1420956,365 Careers,365careers,1,4.6,"488,011","1,670,274",77
1420956,365 Careers Team,365-careers-team,2,4.6,"488,011","1,670,274",77
3617438,Enterprise DNA,sam-mckay-14,1,4.5,811,"31,781",6
3617438,Sam McKay,sam-mckay-5,2,4.5,811,"31,781",6
3617438,Antriksh Sharma,antriksh-sharma-14,3,4.5,811,"31,781",6
1032196,Bluelime Learning Solutions,javascript-academy,1,4.1,"29,027","693,808",314
2750236,Ehab Mesallum,ehab-mesallum,1,4.7,"6,995","52,717",21
3263726,Bluelime Learning Solutions,javascript-academy,1,4.1,"29,027","693,808",314
4315732,Bluelime Learning Solutions,javascript-academy,1,4.1,"29,027","693,808",314
975916,Bluelime Learning Solutions,javascript-academy,1,4.1,"29,027","693,808",314
3812638,Bluelime Learning Solutions,javascript-academy,1,4.1,"29,027","693,808",314
640100,365 Careers,365careers,1,4.6,"488,011","1,669,703",77
1802334,Fervent #LearnWithDistinction,fervent-digital,1,4.6,"3,622","19,057",9
1802334,Support from Fervent,support-from-fervent,2,4.6,"3,622","19,057",9
2582160,in28Minutes Official,in28minutes,1,4.5,"188,689","826,074",49
2451640,Bluelime Learning Solutions,javascript-academy,1,4.1,"29,027","693,808",314
3495448,Ehab Mesallum,ehab-mesallum,1,4.7,"6,995","52,717",21
4131524,Bluelime Learning Solutions,javascript-academy,1,4.1,"29,027","693,808",314
4049558,Bluelime Learning Solutions,javascript-academy,1,4.1,"29,027","693,808",314
1080376,Kain Ramsay,kainramsay,1,4.6,"140,046","566,079",31
1080376,The Academy of Modern Applied Psychology,achology-ltd,2,4.6,"140,046","566,079",31
3496886,Mohammad Azam,mohammad-azam-2,1,4.5,"9,226","60,098",37
1007766,Bluelime Learning Solutions,javascript-academy,1,4.1,"29,027","693,808",314
1992360,Bluelime Learning Solutions,javascript-academy,1,4.1,"29,027","693,808",314
426760,365 Careers,365careers,1,4.6,"488,011","1,670,274",77
2668194,365 Careers,365careers,1,4.6,"488,011","1,669,703",77
2668194,Giles McMullen-Klein,gilesmcmullen,2,4.6,"488,011","1,669,703",77
1953990,Bluelime Learning Solutions,javascript-academy,1,4.1,"29,027","693,808",314
1092354,Bluelime Learning Solutions,javascript-academy,1,4.1,"29,027","693,808",314
1641530,Bluelime Learning Solutions,javascript-academy,1,4.1,"29,027","693,808",314
1362816,Bluelime Learning Solutions,javascript-academy,1,4.1,"29,027","693,808",314
1553500,Bluelime Learning Solutions,javascript-academy,1,4.1,"29,027","693,808",314
1694840,Ehab Mesallum,ehab-mesallum,1,4.7,"6,995","52,717",21
2581436,Bluelime Learning Solutions,javascript-academy,1,4.1,"29,027","693,808",314
1221564,Bluelime Learning Solutions,javascript-academy,1,4.1,"29,027","693,808",314
1064950,Bluelime Learning Solutions,javascript-academy,1,4.1,"29,027","693,843",314
1405632,365 Careers,365careers,1,4.6,"488,011","1,669,703",77
3904604,Bluelime Learning Solutions,javascript-academy,1,4.1,"29,027","693,808",314
1523470,Bluelime Learning Solutions,javascript-academy,1,4.1,"29,027","693,843",314
4280656,Bluelime Learning Solutions,javascript-academy,1,4.1,"29,027","693,808",314
3432872,Start-Tech Academy,start-tech-academy,1,4.4,"58,262","1,366,046",43
3519626,Ehab Mesallum,ehab-mesallum,1,4.7,"6,995","52,717",21
739390,365 Careers,365careers,1,4.6,"488,011","1,669,703",77
3653900,365 Careers,365careers,1,4.6,"488,011","1,669,703",77
2506932,Bluelime Learning Solutions,javascript-academy,1,4.1,"29,027","693,843",314
756832,Bluelime Learning Solutions,javascript-academy,1,4.1,"29,027","693,808",314
757122,Bluelime Learning Solutions,javascript-academy,1,4.1,"29,027","693,843",314
466736,Gregory Caremans - Brain Academy,gregorycaremans,1,4.6,"75,594","395,930",15
3369858,365 Careers,365careers,1,4.6,"488,011","1,670,274",77
3369858,Ken Jee,ken-jee,2,4.6,"488,011","1,670,274",77
1995514,Bluelime Learning Solutions,javascript-academy,1,4.1,"29,027","693,808",314
924216,Bluelime Learning Solutions,javascript-academy,1,4.1,"29,027","693,808",314
1106804,Bluelime Learning Solutions,javascript-academy,1,4.1,"29,027","693,808",314
2449152,Ehab Mesallum,ehab-mesallum,1,4.7,"6,995","52,718",21
3937300,365 Careers,365careers,1,4.6,"488,011","1,669,703",77
4277778,Bluelime Learning Solutions,javascript-academy,1,4.1,"29,027","693,808",314
4174010,Bluelime Learning Solutions,javascript-academy,1,4.1,"29,027","693,843",314
3004620,Bluelime Learning Solutions,javascript-academy,1,4.1,"29,027","693,808",314
2511956,Durga Viswanatha Raju Gadiraju,it-versity,1,4.4,"8,685","219,178",15
2511956,Teja Rayala,teja-rayala,2,4.4,"8,685","219,178",15
2782632,Ehab Mesallum,ehab-mesallum,1,4.7,"6,995","52,717",21
3877202,Bluelime Learning Solutions,javascript-academy,1,4.1,"29,027","693,808",314
3450012,David Morris,893dacf4-9c18-47ff-ae6a-407d67c2f792,1,4.6,"6,774","39,542",5
4385154,Bluelime Learning Solutions,javascript-academy,1,4.1,"29,027","693,843",314
2182258,365 Careers,365careers,1,4.6,"488,011","1,669,703",77
1469700,Bluelime Learning Solutions,javascript-academy,1,4.1,"29,027","693,808",314
1135322,Bluelime Learning Solutions,javascript-academy,1,4.1,"29,027","693,808",314
1128636,Bluelime Learning Solutions,javascript-academy,1,4.1,"29,027","693,808",314
2842220,Warp 9 Training,tj-addams,1,4.5,"4,699","39,180",9
2783752,365 Careers,365careers,1,4.6,"488,011","1,669,703",77
2783752,"Ivan Kitov, CFA",ivan-angelov-kitov,2,4.6,"488,011","1,669,703",77
1202988,Chris Haroun,chris-haroun,1,4.5,"179,514","1,145,018",67
836842,Gregory Caremans - Brain Academy,gregorycaremans,1,4.6,"75,594","396,016",15
1352548,Bluelime Learning Solutions,javascript-academy,1,4.1,"29,027","693,808",314
648826,365 Careers,365careers,1,4.6,"488,011","1,669,703",77
3568329,Bluelime Learning Solutions,javascript-academy,1,4.1,"29,027","693,843",314
3161622,Bluelime Learning Solutions,javascript-academy,1,4.1,"29,027","693,843",314
116286,George Ingersoll,georgeingersoll,1,4.7,"3,900","28,533",1
4146562,Bluelime Learning Solutions,javascript-academy,1,4.1,"29,027","693,808",314
654832,Bluelime Learning Solutions,javascript-academy,1,4.1,"29,027","693,808",314
4037974,Hassan Osman,hassanosman,1,4.5,"66,836","181,242",7
4064176,365 Careers,365careers,1,4.6,"488,011","1,669,703",77
4064176,Tina Huang,tina-huang-50,2,4.6,"488,011","1,669,703",77
1302522,Bluelime Learning Solutions,javascript-academy,1,4.1,"29,027","693,808",314
2171320,365 Careers,365careers,1,4.6,"488,011","1,669,703",77
2171320,Edu Fancy,edufancy,2,4.6,"488,011","1,669,703",77
1420678,Bluelime Learning Solutions,javascript-academy,1,4.1,"29,027","693,808",314
4239988,Durga Viswanatha Raju Gadiraju,it-versity,1,4.4,"8,685","219,178",15
4109016,Bluelime Learning Solutions,javascript-academy,1,4.1,"29,027","693,808",314
4378054,Bluelime Learning Solutions,javascript-academy,1,4.1,"29,027","693,808",314
629302,Tim Buchalka,timbuchalka,1,4.5,"278,153","1,069,609",12
629302,Jean-Paul Roberts,jeanpaulroberts,2,4.5,"278,153","1,069,609",12
629302,Tim Buchalka's Learn Programming Academy,learn-programming-academy,3,4.5,"278,153","1,069,609",12
468172,Ian Littlejohn,ianlittlejohn2,1,4.6,"46,024","141,912",17
3004976,Bluelime Learning Solutions,javascript-academy,1,4.1,"29,027","693,808",314
2489750,Mohammad Azam,mohammad-azam-2,1,4.5,"9,226","60,098",37
1948462,Mohammad Azam,mohammad-azam-2,1,4.5,"9,226","60,098",37
2782656,Ehab Mesallum,ehab-mesallum,1,4.7,"6,995","52,717",21
1398116,Durga Viswanatha Raju Gadiraju,it-versity,1,4.4,"8,685","219,178",15
1398116,Itversity Support,itversity-support,2,4.4,"8,685","219,178",15
1570206,Maven Analytics,maven-analytics,1,4.6,"205,969","609,593",26
1570206,Chris Dutton,chrisdutton3,2,4.6,"205,969","609,593",26
1570206,Aaron Parry,aaron-parry,3,4.6,"205,969","609,593",26
4109370,Bluelime Learning Solutions,javascript-academy,1,4.1,"29,027","693,808",314
4069742,Bluelime Learning Solutions,javascript-academy,1,4.1,"29,027","693,808",314
1587302,Bluelime Learning Solutions,javascript-academy,1,4.1,"29,027","693,808",314
591752,Md Mohan Uddin,mdmohanuddin,1,3.9,"1,300","30,527",8
2926258,Mohammad Azam,mohammad-azam-2,1,4.5,"9,226","60,098",37
1568506,Bluelime Learning Solutions,javascript-academy,1,4.1,"29,027","693,808",314
1436164,Samara Wenten,samara-wenten,1,4.5,"14,126","37,704",1
2423598,365 Careers,365careers,1,4.6,"488,011","1,669,703",77
2423598,365 Iliya,iliya-valchanov,2,4.6,"488,011","1,669,703",77
1017204,Bluelime Learning Solutions,javascript-academy,1,4.1,"29,027","693,808",314
4261156,Bluelime Learning Solutions,javascript-academy,1,4.1,"29,027","693,808",314
1389568,Bluelime Learning Solutions,javascript-academy,1,4.1,"29,027","693,808",314
2021504,Bluelime Learning Solutions,javascript-academy,1,4.1,"29,027","693,808",314
1146226,Bluelime Learning Solutions,javascript-academy,1,4.1,"29,027","693,808",314
1613970,Bluelime Learning Solutions,javascript-academy,1,4.1,"29,027","693,808",314
3995150,Bluelime Learning Solutions,javascript-academy,1,4.1,"29,027","693,808",314
1995192,Bluelime Learning Solutions,javascript-academy,1,4.1,"29,027","693,808",314
1778502,Dr. Angela Yu,4b4368a3-b5c8-4529-aa65-2056ec31f37e,1,4.7,"368,682","1,123,265",8
653942,Bluelime Learning Solutions,javascript-academy,1,4.1,"29,027","693,808",314
1208634,Manuel Lorenz,manuel-lorenz,1,4.7,"75,166","741,598",8
1208634,Academind by Maximilian Schwarzmüller,academind,2,4.7,"75,166","741,598",8
1208634,Maximilian Schwarzmüller,maximilian-schwarzmuller,3,4.7,"75,166","741,598",8
2327564,Langpill - Learn English,scottmendoza,1,4.6,"8,623","174,344",7
653944,Bluelime Learning Solutions,javascript-academy,1,4.1,"29,027","693,808",314
2268370,365 Careers,365careers,1,4.6,"488,011","1,669,703",77
2268370,Erich Ratzat,erichleonardoratzat,2,4.6,"488,011","1,669,703",77
1008166,Anthony Kelleher,anthony845,1,4.7,"50,772","454,203",9
3350284,Bluelime Learning Solutions,javascript-academy,1,4.1,"29,027","693,808",314
2113914,Bluelime Learning Solutions,javascript-academy,1,4.1,"29,027","693,808",314
1820442,Bluelime Learning Solutions,javascript-academy,1,4.1,"29,027","693,843",314
1555808,Bluelime Learning Solutions,javascript-academy,1,4.1,"29,027","693,808",314
1526882,Logus Online,logus,1,4.5,"15,001","67,442",4
1280884,Bluelime Learning Solutions,javascript-academy,1,4.1,"29,027","693,808",314
1032204,Bluelime Learning Solutions,javascript-academy,1,4.1,"29,027","693,843",314
851712,Jonas Schmedtmann,jonasschmedtmann,1,4.7,"260,171","1,220,300",5
4192668,Bluelime Learning Solutions,javascript-academy,1,4.1,"29,027","693,843",314
1107900,9 to 12,mrharony,1,4.5,"2,647","16,407",5
766390,Bluelime Learning Solutions,javascript-academy,1,4.1,"29,027","693,808",314
2464120,Bluelime Learning Solutions,javascript-academy,1,4.1,"29,027","693,808",314
1151106,Mohammad Azam,mohammad-azam-2,1,4.5,"9,226","60,098",37
3143396,Mohammad Azam,mohammad-azam-2,1,4.5,"9,226","60,098",37
1697200,Bluelime Learning Solutions,javascript-academy,1,4.1,"29,027","693,808",314
3611734,365 Careers,365careers,1,4.6,"488,011","1,669,703",77
1306368,Bluelime Learning Solutions,javascript-academy,1,4.1,"29,027","693,808",314
2862248,Bluelime Learning Solutions,javascript-academy,1,4.1,"29,027","693,808",314
2586608,Bluelime Learning Solutions,javascript-academy,1,4.1,"29,027","693,808",314
529424,Financial Courses,gennarocuofano,1,4.4,"2,481","31,413",4
4389882,Bluelime Learning Solutions,javascript-academy,1,4.1,"29,027","693,843",314
1409536,Bluelime Learning Solutions,javascript-academy,1,4.1,"29,027","693,808",314
3428726,"Dr. Ryan Ahmed, Ph.D., MBA",ryan-ahmed,1,4.5,"24,305","271,902",35
3428726,Ligency I Team,superdatascience-team,2,4.5,"24,305","271,902",35
3428726,Mitchell Bouchard,mitchell-bouchard-2,3,4.5,"24,305","271,902",35
940038,Bluelime Learning Solutions,javascript-academy,1,4.1,"29,027","693,808",314
1110388,Bluelime Learning Solutions,javascript-academy,1,4.1,"29,027","693,808",314
2072360,Mohsen Hassan,mohsen-hassan-2,1,4.6,"84,495","245,751",11
2072360,Ilyass Tabiai,ilyass-tabiai-3,2,4.6,"84,495","245,751",11
2072360,bloom team,mtg-team,3,4.6,"84,495","245,751",11
1189280,Bluelime Learning Solutions,javascript-academy,1,4.1,"29,027","693,808",314
2995888,365 Careers,365careers,1,4.6,"488,011","1,669,703",77
2995888,"Ivan Kitov, CFA",ivan-angelov-kitov,2,4.6,"488,011","1,669,703",77
1485968,Durga Viswanatha Raju Gadiraju,it-versity,1,4.4,"8,685","219,178",15
1485968,Itversity Support,itversity-support,2,4.4,"8,685","219,178",15
4047200,Bluelime Learning Solutions,javascript-academy,1,4.1,"29,027","693,808",314
4376166,Bluelime Learning Solutions,javascript-academy,1,4.1,"29,027","693,808",314
651780,Bluelime Learning Solutions,javascript-academy,1,4.1,"29,027","693,808",314
1313514,Bluelime Learning Solutions,javascript-academy,1,4.1,"29,027","693,808",314
1500106,Mohammad Azam,mohammad-azam-2,1,4.5,"9,226","60,098",37
4401148,Bluelime Learning Solutions,javascript-academy,1,4.1,"29,027","693,808",314
2076630,Mohsen Hassan,mohsen-hassan-2,1,4.6,"84,495","245,647",11
2076630,bloom team,mtg-team,2,4.6,"84,495","245,647",11
1893222,Durga Viswanatha Raju Gadiraju,it-versity,1,4.4,"8,685","219,178",15
1893222,Itversity Support,itversity-support,2,4.4,"8,685","219,178",15
966236,S D Academy,147c6ed8-3152-46c2-9502-edfbc7d7d90d,1,4.2,290,797,1
2451586,Bluelime Learning Solutions,javascript-academy,1,4.1,"29,027","693,808",314
4237890,Mohammad Azam,mohammad-azam-2,1,4.5,"9,226","60,098",37
3605624,Bluelime Learning Solutions,javascript-academy,1,4.1,"29,027","693,808",314
3475640,John Rampton,johnrampton,1,4.3,"12,965","22,114",1
2592900,Bluelime Learning Solutions,javascript-academy,1,4.1,"29,027","693,808",314
1178070,Bluelime Learning Solutions,javascript-academy,1,4.1,"29,027","693,808",314
950390,Kirill Eremenko,kirilleremenko,1,4.6,"535,363","1,970,460",53
950390,Hadelin de Ponteves,hadelin-de-ponteves,2,4.6,"535,363","1,970,460",53
950390,Ligency I Team,superdatascience-team,3,4.6,"535,363","1,970,460",53
950390,SuperDataScience Support,superdatascience-support,4,4.6,"535,363","1,970,460",53
950390,Ligency Team,ligency-team,5,4.6,"535,363","1,970,460",53
4381580,Bluelime Learning Solutions,javascript-academy,1,4.1,"29,027","693,808",314
4384142,Bluelime Learning Solutions,javascript-academy,1,4.1,"29,027","693,808",314
1007240,Kirill Eremenko,kirilleremenko,1,4.6,"535,364","1,969,963",53
1007240,Ligency I Team,superdatascience-team,2,4.6,"535,364","1,969,963",53
1007240,Ligency Team,ligency-team,3,4.6,"535,364","1,969,963",53
1238720,Sandeep Kumar ­,sandeepkumar1,1,4.5,"38,486","188,625",31
854500,Luke Priddy,alto-ray,1,4.6,"26,416","108,507",13
965832,365 Careers,365careers,1,4.6,"488,011","1,670,274",77
2073198,For Your English,kallan-anderson,1,4.6,"8,291","50,692",4
2451482,Bluelime Learning Solutions,javascript-academy,1,4.1,"29,027","693,808",314
2095410,365 Careers,365careers,1,4.6,"488,011","1,669,703",77
1995190,Bluelime Learning Solutions,javascript-academy,1,4.1,"29,027","693,808",314
2283598,365 Careers,365careers,1,4.6,"488,011","1,669,703",77
4131918,Bluelime Learning Solutions,javascript-academy,1,4.1,"29,027","693,808",314
3491750,Bluelime Learning Solutions,javascript-academy,1,4.1,"29,027","693,808",314
2642234,Mohammad Azam,mohammad-azam-2,1,4.5,"9,226","60,098",37
2265622,Phillip Burton,aquaviola,1,4.5,"61,885","392,419",48
3570337,365 Careers,365careers,1,4.6,"488,011","1,669,703",77
4107742,Bluelime Learning Solutions,javascript-academy,1,4.1,"29,027","693,808",314
1607348,Seçkin Esen,seckin-esen,1,4.6,"17,645","151,396",14
1607348,Akın Demir,akin-demir,2,4.6,"17,645","151,396",14
1713660,Bluelime Learning Solutions,javascript-academy,1,4.1,"29,027","693,808",314
2206792,Lindsay Marsh,lindsay-marsh,1,4.7,"59,330","223,316",17
1166534,Bluelime Learning Solutions,javascript-academy,1,4.1,"29,027","693,808",314
4189532,Bluelime Learning Solutions,javascript-academy,1,4.1,"29,027","693,808",314
1986208,Bluelime Learning Solutions,javascript-academy,1,4.1,"29,027","693,808",314
887812,Bluelime Learning Solutions,javascript-academy,1,4.1,"29,027","693,808",314
2718798,Bluelime Learning Solutions,javascript-academy,1,4.1,"29,027","693,843",314
1117752,Grant Gamble,grantgamble,1,4.5,"5,563","66,960",14
2204636,Mohammad Azam,mohammad-azam-2,1,4.5,"9,226","60,098",37
1626812,Nick Walter,nicholaswalter2,1,4.6,"51,281","251,124",40
1626812,Mohammad Azam,mohammad-azam-2,2,4.6,"51,281","251,124",40
1184226,Bluelime Learning Solutions,javascript-academy,1,4.1,"29,027","693,808",314
1594564,Bluelime Learning Solutions,javascript-academy,1,4.1,"29,027","693,808",314
3879074,Bluelime Learning Solutions,javascript-academy,1,4.1,"29,027","693,808",314
4231438,365 Careers,365careers,1,4.6,"488,011","1,669,703",77
2230098,Durga Viswanatha Raju Gadiraju,it-versity,1,4.4,"8,685","219,178",15
4011242,Bluelime Learning Solutions,javascript-academy,1,4.1,"29,027","693,843",314
1135712,Mohammad Azam,mohammad-azam-2,1,4.5,"9,226","60,098",37
4182170,Bluelime Learning Solutions,javascript-academy,1,4.1,"29,027","693,808",314
3695770,Mohammad Azam,mohammad-azam-2,1,4.5,"9,226","60,098",37
2423588,365 Careers,365careers,1,4.6,"488,011","1,669,703",77
2423588,365 Iliya,iliya-valchanov,2,4.6,"488,011","1,669,703",77
2423588,Carlos Eduardo López Ferrer,carlos-eduardo-lopez-ferrer,3,4.6,"488,011","1,669,703",77
914466,Bluelime Learning Solutions,javascript-academy,1,4.1,"29,027","693,808",314
1749826,Bluelime Learning Solutions,javascript-academy,1,4.1,"29,027","693,808",314
1017200,Bluelime Learning Solutions,javascript-academy,1,4.1,"29,027","693,808",314
1793828,Stephen Grider,sgslo,1,4.7,"336,240","935,271",30
4069432,Bluelime Learning Solutions,javascript-academy,1,4.1,"29,027","693,808",314
946654,Hassan Osman,hassanosman,1,4.5,"66,836","181,242",7
2672780,Umair Bhatti,umair-bhatti-8,1,4.1,54,234,1
4237712,Bluelime Learning Solutions,javascript-academy,1,4.1,"29,027","693,808",314
257992,MyExcelOnline John Michaloudis,john2373,1,4.5,"5,454","93,057",12
257992,Bryan Hong,bryan-h-27,2,4.5,"5,454","93,057",12
835946,Michal Juhas,michal-juhas,1,4.2,"1,241","29,601",6
891848,Durga Viswanatha Raju Gadiraju,it-versity,1,4.4,"8,685","219,178",15
2763848,365 Careers,365careers,1,4.6,"488,011","1,669,703",77
2763848,大橋 亮太,da-qiao-liang-tai,2,4.6,"488,011","1,669,703",77
1903722,Chris Levy,chrislevy5,1,4.5,"2,253","24,756",5
1618618,Bluelime Learning Solutions,javascript-academy,1,4.1,"29,027","693,808",314
4094264,Bluelime Learning Solutions,javascript-academy,1,4.1,"29,027","693,808",314
2045310,Mark Winterbottom,mark-winterbottom,1,4.6,"10,193","45,121",5
2045310,Brooke Rutherford,brooke-rutherford-3,2,4.6,"10,193","45,121",5
396204,"Chad Neuman, Ph.D.",chadneuman,1,4.4,"26,613","523,877",15
4132086,Bluelime Learning Solutions,javascript-academy,1,4.1,"29,027","693,808",314
1532040,Patrick Dang,patrickdang,1,4.5,"41,224","124,822",8
1288044,Mohsen Hassan,mohsen-hassan-2,1,4.6,"84,495","245,751",11
1288044,bloom team,mtg-team,2,4.6,"84,495","245,751",11
2670044,Bluelime Learning Solutions,javascript-academy,1,4.1,"29,027","693,808",314
2729528,Hassan Osman,hassanosman,1,4.5,"66,836","181,242",7
3559873,Bluelime Learning Solutions,javascript-academy,1,4.1,"29,027","693,808",314
4158690,Mohammad Azam,mohammad-azam-2,1,4.5,"9,226","60,098",37
4129174,Bluelime Learning Solutions,javascript-academy,1,4.1,"29,027","693,808",314
2348438,365 Careers,365careers,1,4.6,"488,011","1,669,703",77
2382343,Bluelime Learning Solutions,javascript-academy,1,4.1,"29,027","693,808",314
653754,Bluelime Learning Solutions,javascript-academy,1,4.1,"29,027","693,808",314
1917428,365 Careers,365careers,1,4.6,"488,011","1,669,703",77
1864390,Lindsay Marsh,lindsay-marsh,1,4.7,"59,330","223,209",17
1864390,Jeremy Deighan,jeremydeighan,2,4.7,"59,330","223,209",17
4369760,Bluelime Learning Solutions,javascript-academy,1,4.1,"29,027","693,808",314
2284042,Mohammad Azam,mohammad-azam-2,1,4.5,"9,226","60,098",37
3299236,Bluelime Learning Solutions,javascript-academy,1,4.1,"29,027","693,808",314
2229422,Bluelime Learning Solutions,javascript-academy,1,4.1,"29,027","693,808",314
3526950,Bluelime Learning Solutions,javascript-academy,1,4.1,"29,027","693,808",314
1722468,Richard Chesterwood,richard-chesterwood,1,4.7,"12,202","83,493",4
1722468,Virtual Pair Programmers,virtual-pair-programmers,2,4.7,"12,202","83,493",4
2508692,Bluelime Learning Solutions,javascript-academy,1,4.1,"29,027","693,843",314
1068948,Mohammad Azam,mohammad-azam-2,1,4.5,"9,226","60,098",37
3638520,365 Careers,365careers,1,4.6,"488,011","1,669,703",77
4410590,Bluelime Learning Solutions,javascript-academy,1,4.1,"29,027","693,808",314
3999680,Bluelime Learning Solutions,javascript-academy,1,4.1,"29,027","693,808",314
940034,Bluelime Learning Solutions,javascript-academy,1,4.1,"29,027","693,808",314
1079870,Huthaifa Omar,huthaifaomar,1,4.4,"1,189","28,660",2
3299672,Bluelime Learning Solutions,javascript-academy,1,4.1,"29,027","693,808",314
3697848,365 Careers,365careers,1,4.6,"488,011","1,669,703",77
2542519,Mohsen Hassan,mohsen-hassan-2,1,4.6,"84,495","245,647",11
2542519,bloom team,mtg-team,2,4.6,"84,495","245,647",11
383414,365 Careers,365careers,1,4.6,"488,011","1,669,703",77
2650252,365 Careers,365careers,1,4.6,"488,011","1,670,274",77
3987052,Bluelime Learning Solutions,javascript-academy,1,4.1,"29,027","693,808",314
1710882,Mohammad Azam,mohammad-azam-2,1,4.5,"9,226","60,098",37
1447304,Bluelime Learning Solutions,javascript-academy,1,4.1,"29,027","693,808",314
2652470,365 Careers,365careers,1,4.6,"488,011","1,669,703",77
2423594,365 Careers,365careers,1,4.6,"488,011","1,669,703",77
2423594,365 Iliya,iliya-valchanov,2,4.6,"488,011","1,669,703",77
2423594,Ramon Tanoeiro de Oliveira Souza,ramon-tanoeiro-de-oliveira-souza,3,4.6,"488,011","1,669,703",77
1332278,Mumshad Mannambeth,mumshad-mannambeth,1,4.6,"166,821","497,556",16
1332278,KodeKloud Training,kodekloud,2,4.6,"166,821","497,556",16
1166562,Bluelime Learning Solutions,javascript-academy,1,4.1,"29,027","693,808",314
4219344,Data Is Good Academy,data-is-good-2,1,4.5,"4,681","227,323",24
4377940,Bluelime Learning Solutions,javascript-academy,1,4.1,"29,027","693,808",314
1653432,365 Careers,365careers,1,4.6,"488,011","1,669,703",77
3529020,Bluelime Learning Solutions,javascript-academy,1,4.1,"29,027","693,808",314
3828844,Durga Viswanatha Raju Gadiraju,it-versity,1,4.4,"8,685","219,178",15
3029274,Bluelime Learning Solutions,javascript-academy,1,4.1,"29,027","693,808",314
1228490,Nick H,nick-h-6,1,4.7,"4,020","15,124",1
3124166,Mohsen Hassan,mohsen-hassan-2,1,4.6,"84,495","245,647",11
3124166,bloom team,mtg-team,2,4.6,"84,495","245,647",11
2443208,Bluelime Learning Solutions,javascript-academy,1,4.1,"29,027","693,808",314
3004350,Bluelime Learning Solutions,javascript-academy,1,4.1,"29,027","693,808",314
3862390,Bluelime Learning Solutions,javascript-academy,1,4.1,"29,027","693,808",314
3399936,365 Careers,365careers,1,4.6,"488,011","1,669,703",77
3399936,Danielle Thé,danielle-the,2,4.6,"488,011","1,669,703",77
1406380,Bluelime Learning Solutions,javascript-academy,1,4.1,"29,027","693,808",314
625204,Colt Steele,coltsteele,1,4.7,"357,644","1,130,631",16
4242194,Durga Viswanatha Raju Gadiraju,it-versity,1,4.4,"8,685","219,178",15
3400298,Bluelime Learning Solutions,javascript-academy,1,4.1,"29,027","693,808",314
